{"cameraMode":{"drawMode":0,"name":"Shaded","section":"Shading Mode"},"sceneLighting":true,"audioPlay":false,"sceneViewState":{"m_AlwaysRefresh":false,"showFog":true,"showSkybox":true,"showFlares":true,"showImageEffects":true,"showParticleSystems":true,"showVisualEffectGraphs":true,"m_FxEnabled":true},"in2DMode":false,"pivot":{"x":37.692474365234378,"y":-7.641790866851807,"z":-13.398200035095215},"rotation":{"x":0.15866854786872865,"y":0.6677075028419495,"z":-0.14866043627262116,"w":0.7130466103553772},"size":15.514432907104493,"orthographic":false}